yyyy,mm,tmax,tmin,rain
1853,1,8.4,2.7,62.8
1853,2,3.2,-1.8,29.3
1853,3,7.7,-0.6,25.9
1853,4,12.6,4.5,60.1
1853,5,16.8,6.1,59.5
1853,6,20.1,10.7,82
1853,7,21.2,12.2,86.2
1853,8,20.2,10.8,72.3
1853,9,17.3,8.4,51.3
1853,10,13.9,7.4,102.3
1853,11,8.7,2.3,49.6
1853,12,3.7,-1.3,10.7
1854,1,6.7,1.5,54.5
1854,2,8,0.6,22.6
1854,3,11.2,2.2,10.6
1854,4,15,3.5,19.9
1854,5,16.2,5.7,82.1
1854,6,18.6,9.7,45.2
1854,7,21.7,11.6,37.2
1854,8,20.9,10.7,45.4
1854,9,20.2,8.4,11.4
1854,10,13.9,5.6,57.7
1854,11,8.2,2,32.4
1854,12,8.3,2.1,30.7
1855,1,4.4,-0.4,6.9
1855,2,1.7,-4.5,33.7
1855,3,7.7,0.1,56
1855,4,13,2.7,10.6
1855,5,15,4.9,45.1
1855,6,19.4,9.3,60
1855,7,22.8,13.4,129.3
1855,8,21.7,12.2,42.6
1855,9,19,10.4,59.7
1855,10,14,8.2,143.1
1855,11,7.9,3.4,25.2
1855,12,5.7,-0.1,28.1
1856,1,6.8,2,74.7
1856,2,8.2,3,33.4
1856,3,7.9,0.6,23.9
1856,4,12.9,4.1,64.9
1856,5,14,5.7,110.1
1856,6,20.2,9.5,64.8
1856,7,22.2,11.3,15.8
1856,8,22.7,12.5,81.8
1856,9,16.8,8.5,80.3
1856,10,13.9,6.9,60.3
1856,11,8.1,2.3,24.2
1856,12,7.3,1.4,52
1857,1,5.1,-0.6,80.7
1857,2,7.6,0.4,8.2
1857,3,9.1,1.8,39.2
1857,4,11.9,3.7,51.3
1857,5,16.5,6.3,30.3
1857,6,22,10.6,77
1857,7,22,12.7,80.5
1857,8,22.8,13.2,93.5
1857,9,19,11.2,99
1857,10,14.6,7.8,116.3
1857,11,10.2,4.5,42.6
1857,12,9.6,4.5,16.8
1858,1,6.4,-0.1,17.3
1858,2,4.7,-1.2,45
1858,3,9.4,1.1,20.4
1858,4,13.1,4,90.1
1858,5,15.9,6.2,59.5
1858,6,23.6,11.9,40.4
1858,7,20.8,10.6,58.3
1858,8,21.4,11.3,36.4
1858,9,19.5,11.2,63.4
1858,10,13.4,6.9,50.4
1858,11,7.4,0.8,17.9
1858,12,7.2,2.4,54.5
1859,1,7.5,1.8,20.8
1859,2,9.4,2.7,43.1
1859,3,11.2,4.7,38.2
1859,4,12.3,3.5,63.9
1859,5,16.6,6.7,47.3
1859,6,20.7,11.1,57.4
1859,7,25.1,13.7,71.2
1859,8,21.8,12.5,97.2
1859,9,17.4,9.4,89.8
1859,10,13.7,6.6,76.3
1859,11,8.5,1.5,52.8
1859,12,5,-1.1,46.6
1860,1,6.8,0.8,82.8
1860,2,5.2,-1.6,32.6
1860,3,8.4,1.9,48.4
1860,4,10.6,1.7,14.8
1860,5,17,7.7,70.9
1860,6,17,9.5,129.8
1860,7,19.3,10.3,60.8
1860,8,17.9,10.9,96.7
1860,9,15.6,7,64
1860,10,13.4,7.3,39.9
1860,11,7.4,2.1,82.1
1860,12,4.4,---,66.6
1861,1,3.8,-0.7,16.8
1861,2,7.9,3.1,48
1861,3,10.1,3.4,43.1
1861,4,11.8,3,17.7
1861,5,16.1,6.5,34.9
1861,6,20,11.2,79.9
1861,7,19.7,12,130.8
1861,8,21.6,12.7,15.1
1861,9,17.9,9.9,49.6
1861,10,16.2,9.5,40.8
1861,11,8.4,1.6,78.4
1861,12,7,1.5,41.9
1862,1,6.6,2.2,62.2
1862,2,7.3,3.4,7.3
1862,3,9.4,3.9,138.9
1862,4,12.9,6.2,57.6
1862,5,17.6,9.2,95.5
1862,6,18.1,9.6,56.8
1862,7,19.9,10.6,44.8
1862,8,20,10.5,44.7
1862,9,18.2,9.9,55.1
1862,10,14.5,7.6,73.1
1862,11,6.7,0.4,25.3
1862,12,9.2,3.8,36
1863,1,7.7,2.5,82.1
1863,2,9.1,2.7,17.1
1863,3,10.8,1.9,17.3
1863,4,14.2,4.7,35.5
1863,5,16.4,6,23.2
1863,6,19.3,9.6,86.6
1863,7,21.8,9.5,17
1863,8,21.2,11.9,67.1
1863,9,15.8,7.6,70.3
1863,10,14.1,7,75.5
1863,11,10.3,4.6,51.1
1863,12,9.1,3.3,27.7
1864,1,4.8,-0.2,25
1864,2,5.5,0,36.9
1864,3,9.6,1.4,62.7
1864,4,14.2,4.3,41.4
1864,5,18.2,7.9,54.8
1864,6,19.8,9.8,25.6
1864,7,22.8,10.3,12
1864,8,21,8.8,19.8
1864,9,18.3,9.4,74.9
1864,10,13.6,6.8,39.8
1864,11,8.9,2,59.4
1864,12,5.6,1.3,9.5
1865,1,4.7,-0.9,78.1
1865,2,5,0.2,52.9
1865,3,6,-0.2,24.9
1865,4,17.2,5.4,23.3
1865,5,18.4,8.1,55.8
1865,6,21.9,10.8,89.1
1865,7,22.3,12.5,71.1
1865,8,20,10.8,79
1865,9,22.3,10.9,4.7
1865,10,14.6,6.1,137.7
1865,11,10.3,4,65.7
1865,12,8.4,3.4,49.8
1866,1,8.6,3.4,73.1
1866,2,7.9,1.3,73.2
1866,3,8.4,1.8,42.7
1866,4,13.6,4.7,52.2
1866,5,15.7,4.8,42.6
1866,6,21.9,11.1,81.7
1866,7,21.7,11.2,50.4
1866,8,19.8,11.3,75.1
1866,9,17,10.3,145.4
1866,10,14.2,8,53.4
1866,11,10.7,3.7,38.8
1866,12,9.2,3.3,51.6
1867,1,4.6,-1.1,65.8
1867,2,10.1,4.4,39.3
1867,3,6,0.5,73.4
1867,4,14,6.6,66.1
1867,5,16.8,6.8,63.9
1867,6,20,9.6,49.1
1867,7,20.3,10.5,99.7
1867,8,21.5,11.8,60.8
1867,9,18.4,9.6,41.6
1867,10,13.5,6.3,72.5
1867,11,8.4,1.6,24.4
1867,12,6.2,0.1,35.7
1868,1,5.9,1.7,87.2
1868,2,9.8,3.3,42.3
1868,3,11.1,2.9,38.7
1868,4,14.1,4.6,39.7
1868,5,20.4,7.8,14.9
1868,6,23.6,9.4,23.6
1868,7,25.8,12.7,47.5
1868,8,22.1,12.5,85.8
1868,9,19.7,9.4,101.3
1868,10,12.7,5,57
1868,11,7.9,2.6,30.7
1868,12,10.4,5.2,105.3
1869,1,8.2,3,96.3
1869,2,10.5,5.1,55.2
1869,3,7.1,1.1,33.1
1869,4,16,6,29.8
1869,5,15.5,6.5,75.9
1869,6,18.9,8.8,36.2
1869,7,24.1,12.4,27
1869,8,21.5,10.7,33.6
1869,9,19,11.3,112.1
1869,10,13.9,6.1,28.1
1869,11,10,3.2,61.3
1869,12,5.6,1,87.5
1870,1,5.9,1.3,30.2
1870,2,5.1,0.8,48.7
1870,3,8.3,1.5,42.6
1870,4,15.6,3.7,13.5
1870,5,18,6.3,26.3
1870,6,22.3,11.2,17.3
1870,7,24.9,13,22.6
1870,8,21.4,10.6,59.8
1870,9,18.3,8.2,33.8
1870,10,14.1,6.7,74.6
1870,11,8.3,2.1,29.6
1870,12,3.2,-2.3,50.9
1871,1,2.7,-1.2,28.2
1871,2,9,3.8,25.1
1871,3,11.9,3.2,24.3
1871,4,13.8,5.3,67.1
1871,5,17,5.8,11
1871,6,17.5,9,81.3
1871,7,21.1,11.9,96.3
1871,8,23.8,12,13
1871,9,17.9,9.6,118.8
1871,10,14.1,6,30.4
1871,11,6.4,0.2,18.4
1871,12,6,0.9,27.4
1872,1,7.9,2.6,103.7
1872,2,10.1,4.7,38.6
1872,3,11.2,3.6,49.1
1872,4,13.9,4.5,48
1872,5,15.2,5.9,65.2
1872,6,20.4,10.2,74.1
1872,7,23.7,12.9,75.9
1872,8,21,11.3,30.1
1872,9,18.3,10,25.5
1872,10,12.6,5.2,74.4
1872,11,10.1,4.6,80.8
1872,12,7.9,3.5,96.9
1873,1,7.8,3.2,56.3
1873,2,4.2,-0.1,40.9
1873,3,9.7,2.2,60.1
1873,4,12.8,3.9,12.2
1873,5,16.1,5.4,59.3
1873,6,20,10.3,70.7
1873,7,22.6,11.8,57.3
1873,8,21.6,12.6,66.8
1873,9,16.9,7.8,45.9
1873,10,12.9,4.7,68.6
1873,11,9.6,3.8,43.7
1873,12,7.3,2.1,12.3
1874,1,8.6,3,58.8
1874,2,7.1,1,43.2
1874,3,11,3.1,15.8
1874,4,15.7,5.4,32.5
1874,5,15.7,6,39.7
1874,6,20.4,9,17.6
1874,7,25.3,11.8,12.8
1874,8,21.2,11.2,45.9
1874,9,18.6,10.4,85.7
1874,10,14.7,7.8,80
1874,11,8.7,2.5,64.6
1874,12,3.5,-2.3,46.8
1875,1,9.3,4.9,90.4
1875,2,4.5,-0.4,37.3
1875,3,8.6,2.4,28.5
1875,4,13.4,3.5,37.6
1875,5,18.3,7.8,45.1
1875,6,20.6,10.5,75.8
1875,7,19.9,11.1,119.2
1875,8,21.9,12.8,45.9
1875,9,20.1,11.4,51.9
1875,10,12.6,6.4,192.9
1875,11,8.4,3.6,97.2
1875,12,6.2,2.4,22.5
1876,1,5.5,0.6,43.9
1876,2,8.1,3,72.8
1876,3,8.6,1.9,87.4
1876,4,13,4.8,73.3
1876,5,15.4,4.7,20.4
1876,6,20.8,10,52.8
1876,7,24.5,13.1,21.8
1876,8,23.8,11.9,68.3
1876,9,17.4,9.8,148.6
1876,10,14.8,8.8,25.9
1876,11,9.7,4.1,83.2
1876,12,8.8,4.9,130.2
1877,1,9.3,3.2,118.5
1877,2,9.4,4,39.9
1877,3,9,2.2,50.5
1877,4,12.1,4.3,55
1877,5,14.5,5.5,58.4
1877,6,22.2,10.5,25.5
1877,7,21.1,11.1,85.4
1877,8,20.5,11.9,87.3
1877,9,15.9,7.6,63.5
1877,10,13.7,5.2,43.1
1877,11,10.8,4.3,98.2
1877,12,7.8,2.3,44.6
1878,1,7.5,2.6,44.3
1878,2,8.8,4.2,34.2
1878,3,9.5,2.2,19.5
1878,4,14.1,5.5,58.4
1878,5,17.7,8.4,126.7
1878,6,21.1,11.1,49
1878,7,22.2,12.6,29.1
1878,8,21.7,13.1,130.7
1878,9,18.1,9.4,34.4
1878,10,14.1,7.4,54.1
1878,11,6.6,2.6,58.1
1878,12,3.1,-2,38.6
1879,1,1.6,-2.8,76.5
1879,2,6,1.1,84.6
1879,3,8.6,1.1,22.3
1879,4,9.5,2.4,62.1
1879,5,12.9,5.2,57.6
1879,6,17,10.2,110.7
1879,7,17.5,11.4,86.8
1879,8,18.7,11.8,128.7
1879,9,16.6,9.5,73.6
1879,10,12.2,6,18.6
1879,11,6.7,0.9,17.4
1879,12,3.7,-3.2,18.7
1880,1,3,-2.5,11.1
1880,2,9,2.4,60.9
1880,3,11.7,2.5,35.3
1880,4,12.2,4.7,48.7
1880,5,15.9,6.4,21.1
1880,6,17.9,10,87.6
1880,7,19.7,12.2,155.1
1880,8,20.5,13.2,12.7
1880,9,19.8,11.5,88.6
1880,10,12.2,4.9,133.5
1880,11,9.8,3.1,47.8
1880,12,9.3,3.6,75.7
1881,1,1.8,-4,31.9
1881,2,6.3,1.5,70.2
1881,3,10.3,2.1,37.7
1881,4,12.9,3.1,19.9
1881,5,17.7,6.9,31.9
1881,6,19.2,10.3,48
1881,7,22.7,12.5,63.7
1881,8,19.2,10.8,118.2
1881,9,17.6,9.5,35.5
1881,10,11.9,4.2,42.8
1881,11,12.5,6.9,82
1881,12,7.1,2.1,75.5
1882,1,7.7,2.8,28.4
1882,2,9.2,3.5,38.8
1882,3,12.6,4,28.2
1882,4,13.7,5.1,99.7
1882,5,17.4,7.3,47
1882,6,17.5,9.7,83.8
1882,7,20,11.9,82.2
1882,8,19.9,11.5,33.8
1882,9,17.3,8.3,51.4
1882,10,13.6,7.2,147.9
1882,11,9.6,3.5,84.8
1882,12,7.2,2.5,80.3
1883,1,8.2,3.3,57.8
1883,2,9.9,4,95.1
1883,3,7.2,-1.2,24
1883,4,14,4.5,25.7
1883,5,16.2,7.1,47.9
1883,6,19.6,10.1,91.7
1883,7,18.8,11.2,87.9
1883,8,21,11.8,18.7
1883,9,17.5,10.4,98.4
1883,10,13.8,7.4,48.2
1883,11,10.3,3.3,79.4
1883,12,7.3,2.7,11.4
1884,1,9.5,5.1,55.7
1884,2,8.9,3.1,32.2
1884,3,10.9,3,39.3
1884,4,11.7,3.1,40.2
1884,5,17.6,6.6,19.4
1884,6,19.5,9.9,54.6
1884,7,21.5,12.4,57.5
1884,8,23.9,12,38.7
1884,9,19.7,10.9,31.2
1884,10,13.7,6.1,19.4
1884,11,8.8,2.6,41.4
1884,12,7.3,2.9,51.3
1885,1,5,0.9,49.4
1885,2,9.8,3.8,73.3
1885,3,9.4,1.2,29.8
1885,4,13,3.6,45
1885,5,13.7,5.3,53.5
1885,6,19.8,9.8,39.9
1885,7,22.7,11.9,3.1
1885,8,18.9,9.9,41.7
1885,9,17.1,8.6,111.9
1885,10,11.2,4.8,98.4
1885,11,8.4,4,91
1885,12,6.4,1.3,24.8
1886,1,4.6,-0.5,97.6
1886,2,3.3,-1.1,19.9
1886,3,7.8,1.5,41.8
1886,4,12.9,3.8,59
1886,5,15.7,7,122.3
1886,6,18.6,9.5,33.6
1886,7,21.8,12,93.5
1886,8,21.2,12,39.7
1886,9,19,10.3,49.7
1886,10,15.1,8.7,88.1
1886,11,9.5,3.8,64.3
1886,12,5.5,-0.3,120.8
1887,1,4.7,-0.5,65.3
1887,2,7.5,0.5,15.2
1887,3,7.3,-0.1,45.7
1887,4,11.6,1.9,29.1
1887,5,14.4,6.1,49.9
1887,6,21.6,10.2,32.8
1887,7,24,12.4,18
1887,8,22.2,10.5,40.5
1887,9,16.3,8.1,61.2
1887,10,11.5,3.5,53.7
1887,11,7.8,2.2,46
1887,12,5.7,0.3,35.3
1888,1,5.6,0.7,19.8
1888,2,4.1,-0.7,71.7
1888,3,6.9,0.9,77.6
1888,4,10.4,3,39.5
1888,5,16.3,6.3,39.4
1888,6,18.3,9.6,77
1888,7,18,10.9,119.6
1888,8,19,10.5,47.6
1888,9,17.6,8.8,33
1888,10,13,3.7,19.5
1888,11,10.5,6,114.8
1888,12,7.6,2.5,56.8
1889,1,5.1,-0.1,16.1
1889,2,5.8,-0.4,47.7
1889,3,9,1.4,50.4
1889,4,10.9,3.8,79
1889,5,17.3,8.9,87.4
1889,6,20.6,10.9,50.5
1889,7,20,11.3,72.4
1889,8,19.6,10.8,60.7
1889,9,17.5,9.1,45.2
1889,10,12.8,5.4,62.5
1889,11,9.5,4.3,26.5
1889,12,5.6,0.1,30.1
1890,1,8.7,3.3,51
1890,2,6.3,0.3,18.7
1890,3,10.1,2.6,21.9
1890,4,11.9,3,25.8
1890,5,17,6.6,45.2
1890,6,19,9.7,44.6
1890,7,19.3,11.2,77.2
1890,8,19.4,10.8,62.7
1890,9,20.2,9.9,26.3
1890,10,14,5.7,33.6
1890,11,9.2,3,47.1
1890,12,0.2,-4,13.3
1891,1,4.3,-1.9,39.4
1891,2,8.9,-0.2,2.5
1891,3,7.9,0.9,35.4
1891,4,11.2,2.2,24
1891,5,14.1,5.6,65.8
1891,6,19.9,10.4,36.3
1891,7,19.3,10.7,62.3
1891,8,18,10.9,119.7
1891,9,18.6,9.8,36.8
1891,10,13.2,6.6,150.1
1891,11,8.4,3.2,62.6
1891,12,7.3,1.6,86.1
1892,1,4.8,-0.3,12
1892,2,6.4,0.9,18.6
1892,3,6.9,-0.9,9.5
1892,4,14.3,1.7,19.5
1892,5,17.1,6.9,32.8
1892,6,19.2,8.7,52.7
1892,7,18.9,10.3,84.4
1892,8,20.4,11.5,78.7
1892,9,16.9,8.9,59.1
1892,10,11.1,4,85.6
1892,11,9.4,3.8,49.2
1892,12,4.7,-0.6,25.3
1893,1,4.4,-0.3,43.1
1893,2,8,2.5,69.4
1893,3,13.7,1.7,9.4
1893,4,18,3.9,1.5
1893,5,19.4,7.7,23.1
1893,6,21.8,10.2,19.6
1893,7,21.6,12.5,98.9
1893,8,23.2,13,27.7
1893,9,18.6,8.9,16
1893,10,14.3,6.6,73.5
1893,11,8.2,1.7,42.5
1893,12,7.8,1.3,47.7
1894,1,6.1,1.2,49.6
1894,2,8.6,2.2,41.3
1894,3,11.8,2.2,45
1894,4,15,5.1,46.9
1894,5,14.1,5.3,39.3
1894,6,18.2,9.9,74
1894,7,20.6,12,84.8
1894,8,18.6,11,69.7
1894,9,16,8.3,47.1
1894,10,12.5,6.9,89.4
1894,11,10.6,5.4,126.1
1894,12,7.5,2.8,52.6
1895,1,3.1,-1.8,66.3
1895,2,1.8,-5.3,4.4
1895,3,10,2,39.2
1895,4,13.1,5,46.4
1895,5,19,7.3,4.6
1895,6,21.4,9.8,28.6
1895,7,20.4,12.2,91.5
1895,8,20.5,12.1,62.5
1895,9,22.4,9.9,16.4
1895,10,11.6,3.9,76.6
1895,11,11.1,5.4,113.5
1895,12,6.8,1.9,56.5
1896,1,7.2,2.4,16.8
1896,2,8,1.4,10.1
1896,3,11.4,4.3,69
1896,4,14,5.4,17.5
1896,5,18.2,6.6,6.1
1896,6,21.9,12,65
1896,7,22.8,12.1,37.4
1896,8,19.6,10.6,79.8
1896,9,17,10.7,152.6
1896,10,11.5,4.5,81.1
1896,11,7.8,1.6,21.8
1896,12,6.7,1.7,77.3
1897,1,3.9,-0.2,44.7
1897,2,8.8,4.1,60
1897,3,10.6,4.1,73.6
1897,4,11.6,4.1,53.5
1897,5,15.7,5.7,17.9
1897,6,20.6,11.2,74.1
1897,7,22.4,12.3,67.1
1897,8,20.9,12.1,108.9
1897,9,16.7,8.9,59.7
1897,10,14.2,6.3,36
1897,11,10.2,4.3,29.8
1897,12,7.6,1.9,65.5
1898,1,8.6,4.2,12.8
1898,2,8.5,2,32.9
1898,3,8.5,0.6,17.6
1898,4,13.6,3.7,36
1898,5,14.8,6.8,61.7
1898,6,18.8,9.5,34.8
1898,7,21.3,11.1,15.2
1898,8,22.4,12.5,43.8
1898,9,22.2,10,10.5
1898,10,14.6,8.4,125.6
1898,11,10.4,4.7,50.9
1898,12,10.1,5.1,65.2
1899,1,8.5,2.9,75.3
1899,2,9.5,2.1,51.2
1899,3,10.6,0.4,7.4
1899,4,12.2,5.1,48.8
1899,5,15.4,6.2,38
1899,6,22,10.3,20.3
1899,7,23.8,13.3,42.9
1899,8,24.9,12.3,47.6
1899,9,18.6,10.3,58.2
1899,10,14.1,4.7,70.1
1899,11,11.3,5.4,66.6
1899,12,5,-0.2,33.2
1900,1,7.2,2.1,58.5
1900,2,6,0.7,107
1900,3,7.2,0.9,12.9
1900,4,13.8,3.8,22.8
1900,5,15.2,6.3,34
1900,6,19.5,10.6,69.4
1900,7,24.3,13.4,22.4
1900,8,20.4,11.5,79.8
1900,9,19.6,9.2,10.4
1900,10,14.2,6.7,59.1
1900,11,10.3,5.4,42.2
1900,12,10.2,5,81.9
1901,1,6,1,26.9
1901,2,4.9,0.1,32.8
1901,3,7.6,1.2,36.1
1901,4,14,4.3,53.2
1901,5,17.4,6.2,31.8
1901,6,19.8,9.4,38.6
1901,7,23.8,13.2,118.1
1901,8,21.4,11.5,54.3
1901,9,18.5,10,47
1901,10,14.1,6.2,30.5
1901,11,8.1,1.7,13.4
1901,12,6.4,0.9,83.5
1902,1,7.8,2.6,17.1
1902,2,4.7,-0.5,26.9
1902,3,11,3.8,30.8
1902,4,12.7,3.5,30.6
1902,5,13.8,5.4,38.6
1902,6,18.5,9.8,50.1
1902,7,20.5,11,15.7
1902,8,19.6,11.1,56
1902,9,18,8.5,27.9
1902,10,13,6.8,39
1902,11,9.6,4.5,56.8
1902,12,7,2.5,33.9
1903,1,6.9,2.4,65.4
1903,2,10.5,4.5,19.8
1903,3,11.1,4.3,77.1
1903,4,11,2.6,58.5
1903,5,16.2,7.2,111
1903,6,17.5,8.9,141.8
1903,7,20.7,11.9,88.2
1903,8,18.8,10.9,84.7
1903,9,17.8,9.7,39.3
1903,10,14,8.5,163.3
1903,11,9.6,3.9,38.2
1903,12,5.7,1.6,26.5
1904,1,6.8,1.4,79.1
1904,2,6.4,1.5,76
1904,3,8.3,1.6,26.4
1904,4,13.8,5.4,20.4
1904,5,15.6,7.4,81.7
1904,6,18.8,9.2,26.5
1904,7,23.2,13,85.1
1904,8,20.6,11,38.7
1904,9,17.3,7.9,31.6
1904,10,13.5,6.3,21.8
1904,11,8.5,2,39.5
1904,12,6.4,1.6,46.9
1905,1,6.3,0.4,19.9
1905,2,8.4,3.2,10.2
1905,3,11.1,3.9,75.7
1905,4,11.5,4.5,49
1905,5,16.7,6.1,19.5
1905,6,19.5,10.9,105.1
1905,7,23.3,13.4,4
1905,8,19.7,11.4,80.4
1905,9,16.8,9.4,32.5
1905,10,11.4,3.8,35.4
1905,11,8.3,2.2,75.5
1905,12,7,2.2,25.1
1906,1,8.4,3.1,89.3
1906,2,6.6,0.7,40.4
1906,3,9.3,2.1,32.2
1906,4,13.8,2.1,9
1906,5,15.5,7.2,45
1906,6,20.2,9.3,86.9
1906,7,22.2,11.6,26.7
1906,8,23.4,12.6,25.4
1906,9,20.4,9.4,25
1906,10,14.9,8.3,104.8
1906,11,10.5,4.7,82.4
1906,12,6.2,0.6,48.3
1907,1,6.3,1.1,15.5
1907,2,6.3,0.3,28.6
1907,3,12.1,1.8,21.3
1907,4,12.6,4.1,57.4
1907,5,15.9,7.3,59.6
1907,6,16.8,9.5,75.1
1907,7,19.2,10.4,86
1907,8,19.3,11,34.9
1907,9,19.7,9,18.1
1907,10,13.7,7,135.9
1907,11,10.2,4.2,57.5
1907,12,7.8,3,97.7
1908,1,5.5,-0.4,42.4
1908,2,8.6,2.7,22.2
1908,3,8.3,1.5,67.7
1908,4,10.4,2.4,109.4
1908,5,17.6,9,37.2
1908,6,20.5,9.8,43.1
1908,7,21.5,12.2,54.2
1908,8,20,10.7,77
1908,9,17,9.4,41.9
1908,10,16.1,8.1,29.7
1908,11,11.1,5,28.6
1908,12,6.5,1.6,49.9
1909,1,6.2,1.1,20.9
1909,2,6.5,-0.6,10.6
1909,3,7.1,1.2,63.7
1909,4,15.1,3.5,50.2
1909,5,17.3,5.4,48.1
1909,6,16.1,8.8,101.4
1909,7,19.6,11.7,61.5
1909,8,21.2,11.7,83.7
1909,9,16.1,9.1,79.1
1909,10,14.1,8.1,90.8
1909,11,8.3,2.3,16.1
1909,12,7.3,1.9,78.4
1910,1,6.7,1.6,40.4
1910,2,8.6,2.8,74.8
1910,3,10.6,1.9,15.4
1910,4,11.8,4.2,73
1910,5,16.5,7.3,52.6
1910,6,19.9,11.3,75.7
1910,7,18.3,11.1,51.1
1910,8,19.5,12,48
1910,9,17.1,9.1,11.2
1910,10,14.2,8.5,94.6
1910,11,6.9,0.4,78.6
1910,12,8.8,4.7,125.9
1911,1,6.3,1.3,20.4
1911,2,8,2.4,35.3
1911,3,8.5,2.7,41.7
1911,4,12.2,4.2,29.6
1911,5,18.6,8.4,56
1911,6,20.1,10.5,30.2
1911,7,26.1,13.1,10.8
1911,8,24.9,14,26.1
1911,9,21.4,9.4,36.5
1911,10,13.4,6.7,62.6
1911,11,9.3,3.6,61.9
1911,12,9.1,4.6,126.9
1912,1,6.8,1.7,111.5
1912,2,8.8,3.7,54.2
1912,3,10.8,5,83.3
1912,4,14.7,3.8,0.6
1912,5,17.5,8.8,55.2
1912,6,18.6,10.2,83
1912,7,21.1,12.5,78.7
1912,8,17.1,10,123.6
1912,9,15.2,7.7,29.8
1912,10,13.3,3.9,80.8
1912,11,9.2,4.1,47.2
1912,12,10.1,5,85.9
1913,1,7.6,3,77
1913,2,7.8,1.9,24.9
1913,3,10.4,3.3,68.1
1913,4,12.2,4.7,96.8
1913,5,17,7.8,68.4
1913,6,19.9,10,14.5
1913,7,19.6,11.4,20.1
1913,8,21,11.1,20.4
1913,9,18.6,10.8,47.6
1913,10,15,8.5,120.9
1913,11,11.9,5.7,63.6
1913,12,7.5,2.8,24.2
1914,1,6,1.2,13.9
1914,2,10.4,3.8,51.4
1914,3,10.1,3.3,92
1914,4,15.9,4.7,29.8
1914,5,16.6,6.4,37.1
1914,6,20.8,10,77.4
1914,7,20.9,12.2,77.7
1914,8,21.8,12.1,47.3
1914,9,19.5,8.3,22.2
1914,10,14.6,7.2,74.8
1914,11,10.2,4,74.1
1914,12,8,2.6,147.9
1915,1,6.5,2.2,81.1
1915,2,7.9,1.9,91.7
1915,3,9.3,1.8,33.1
1915,4,12.9,3.5,21
1915,5,17.1,6.4,90.3
1915,6,20.6,9.5,35.1
1915,7,19.7,11.3,114.1
1915,8,20.8,12.2,35.2
1915,9,18.8,8.6,74.3
1915,10,12.7,6.3,53.3
1915,11,6.9,0.1,64.6
1915,12,9,3.5,127.1
1916,1,10.3,5.1,38.1
1916,2,6.5,1.1,97.3
1916,3,6.5,1.1,131.8
1916,4,13.9,4.3,25.2
1916,5,17.3,7.6,51.6
1916,6,15.9,8.1,46.9
1916,7,20.9,11,45.3
1916,8,21.8,12.6,102.9
1916,9,17.6,9,23.3
1916,10,14.6,8.2,93.7
1916,11,9.4,3.8,85.6
1916,12,4.1,-0.6,72.3
1917,1,3.2,0.1,36.5
1917,2,4.3,-1.4,32
1917,3,6.9,0,45.5
1917,4,10.5,1.8,41.5
1917,5,19.5,8.2,42
1917,6,21.4,10.8,56.4
1917,7,21.1,11.9,82.9
1917,8,19,12.7,101.3
1917,9,18.7,10.8,43.1
1917,10,12.2,4,106
1917,11,10.6,5.3,17.3
1917,12,4.7,-0.7,24.5
1918,1,6.4,1.3,69.6
1918,2,9.2,3.9,27.9
1918,3,10.9,2.1,19.8
1918,4,10.5,3.6,81.5
1918,5,19.1,8,47
1918,6,18.9,8.5,33.3
1918,7,20.8,11.7,100.6
1918,8,21.1,12,30.5
1918,9,16.1,9,126.1
1918,10,12.6,6.4,44.3
1918,11,9.2,2.1,49.5
1918,12,9.9,5,59.5
1919,1,5.2,0.6,85.5
1919,2,4.3,-1,55.7
1919,3,7.5,1,97.9
1919,4,11.8,3.3,57.1
1919,5,19.5,7.8,15.6
1919,6,20.4,9.7,17.9
1919,7,18.7,10.2,59.7
1919,8,22.4,12,72.5
1919,9,18,8.7,31.5
1919,10,12.1,2.3,38.2
1919,11,6.1,1,21.8
1919,12,8.6,3.2,112.3
1920,1,8.6,2.8,54.3
1920,2,9.9,2.7,16.1
1920,3,12,3.8,41.8
1920,4,12,5.9,78.5
1920,5,17.1,7.8,42.9
1920,6,19.6,10.1,81.2
1920,7,18.2,11,119
1920,8,18,9.7,28.5
1920,9,18.1,9.3,45
1920,10,14.5,6.6,48.9
1920,11,9.8,3.4,35.1
1920,12,6.8,2.2,58.9
1921,1,9.9,5.2,62.4
1921,2,8.6,1.4,14.3
1921,3,11.8,4.1,23.8
1921,4,14.2,3.9,23.1
1921,5,17.5,6.9,38
1921,6,21.4,9.5,8.7
1921,7,26.1,13.3,7.2
1921,8,20.9,12.1,41.9
1921,9,20.6,9.3,43.6
1921,10,18.9,8.2,32.5
1921,11,8,1.7,42.9
1921,12,9.4,3.6,40.9
1922,1,7.1,1.3,61.2
1922,2,8.3,1.4,58
1922,3,8.5,1.8,48.9
1922,4,10.4,1.9,71.9
1922,5,19.9,8.1,34
1922,6,19.9,9.3,30.3
1922,7,18.5,10.4,90.2
1922,8,18.1,10.1,130.4
1922,9,16.9,8.8,35.4
1922,10,12.9,4,12.7
1922,11,9,2.3,31.2
1922,12,8.4,3.9,66.4
1923,1,8.4,2.2,40.6
1923,2,8.8,3.7,91.3
1923,3,9.8,3.6,66.8
1923,4,12.2,4.3,57.9
1923,5,14.7,6,36.6
1923,6,17.3,8.8,10.8
1923,7,23.4,13.5,37.9
1923,8,21.4,11.1,83.8
1923,9,18,8.5,46.3
1923,10,13.6,7.1,99.7
1923,11,6.8,0,34.6
1923,12,7.4,1,60.4
1924,1,7.7,3,80.1
1924,2,6.3,0.4,6.5
1924,3,9.6,-0.2,23.8
1924,4,12.5,3.7,67.6
1924,5,16.9,8,100.6
1924,6,19.1,10.4,69.3
1924,7,20.7,10.9,92.5
1924,8,18.8,10.5,49.8
1924,9,17.4,10.5,108.4
1924,10,14.1,7.3,99
1924,11,10.1,4.8,47.2
1924,12,9.1,4.3,110.1
1925,1,8.4,2.3,40.9
1925,2,9,2.5,86.4
1925,3,8.9,1.5,11.9
1925,4,12.2,3.6,56.6
1925,5,16.8,7.8,68
1925,6,21.5,9.9,1.7
1925,7,22.5,12.3,98.9
1925,8,20.1,12,59.5
1925,9,16.3,7.8,82
1925,10,15.2,6.9,71.4
1925,11,7.7,1.4,47.6
1925,12,6,0.4,51.5
1926,1,7.5,1.5,101
1926,2,10.2,4.7,54.1
1926,3,10.6,3.3,16.8
1926,4,14.1,5.2,68.8
1926,5,15.1,6.6,79.5
1926,6,18.8,9.4,61.9
1926,7,21.6,12.9,67.6
1926,8,21.6,12.1,30.2
1926,9,19.6,11,35.7
1926,10,12.6,4.5,55
1926,11,10,3.6,113.5
1926,12,6.9,1.3,11.3
1927,1,7.8,1.8,60.6
1927,2,7,1.3,97.9
1927,3,11.5,4.4,60.4
1927,4,13.1,4.5,44.1
1927,5,17.7,6.8,21.4
1927,6,17.9,8.8,81.1
1927,7,19.6,12.6,78.4
1927,8,20.1,12.2,105.4
1927,9,16.4,9.6,133.8
1927,10,15,6.8,48.1
1927,11,9.5,3.5,67.1
1927,12,4,0.3,87
1928,1,9,2.2,97.3
1928,2,10.3,2.2,44.9
1928,3,10.6,3.4,39
1928,4,13,4.5,22.5
1928,5,16.5,6.4,14.8
1928,6,18.6,9.1,45.1
1928,7,23.3,12.4,48
1928,8,20.2,11.7,33.3
1928,9,19.2,7.9,16
1928,10,14.8,6.8,83.9
1928,11,11.5,4.6,70.8
1928,12,6.6,0.4,55.8
1929,1,3.7,-1.1,29.8
1929,2,3.3,-3,14.1
1929,3,12.9,-0.1,1.4
1929,4,11.8,2.5,34.3
1929,5,17.1,6.4,28.4
1929,6,18.9,8.9,24.3
1929,7,22.7,11.2,34.8
1929,8,21.2,11.6,25.4
1929,9,23.2,10.7,2.6
1929,10,14.1,6.3,77.7
1929,11,11,3.3,165.9
1929,12,9.2,3.4,131.7
1930,1,9,3.4,73
1930,2,5.4,0.3,13.7
1930,3,9.8,1.8,31
1930,4,12.5,5,55.1
1930,5,15.6,7,54.9
1930,6,21.1,10.8,20.1
1930,7,20.1,11.7,79.5
1930,8,21.2,12,51.9
1930,9,18,10.5,90.8
1930,10,14.6,7.5,32
1930,11,10.2,2.8,106.1
1930,12,7,1.9,76.8
1931,1,6.5,0.8,36.2
1931,2,7.4,1.3,43.7
1931,3,9.2,0.3,3.7
1931,4,11.8,4.7,75.8
1931,5,16.1,7.8,72.8
1931,6,19.5,11,89.7
1931,7,19.6,12.1,80.6
1931,8,19.1,11.2,90.4
1931,9,15.7,8.3,62.9
1931,10,13.4,5.2,18.1
1931,11,11,5.1,90.6
1931,12,7.8,2.8,28.8
1932,1,9.4,3.5,38.3
1932,2,5.8,-0.4,3.5
1932,3,9.6,0.4,54.4
1932,4,11.3,3.8,62.1
1932,5,14.8,7.5,139.1
1932,6,19.2,9.5,14.6
1932,7,20.6,12.7,61.6
1932,8,22.9,13.6,64.7
1932,9,17.7,9.7,66
1932,10,13.1,5.9,120.8
1932,11,9.6,4,31.5
1932,12,8.2,3.5,17.7
1933,1,5.3,-0.7,44.5
1933,2,7.9,1.4,88.6
1933,3,12.9,3.3,60.6
1933,4,14.4,4.5,25.3
1933,5,17.7,8.1,44.9
1933,6,21.4,10.6,34.1
1933,7,23.9,13.6,47.5
1933,8,24.6,12.7,20.5
1933,9,20.6,10.7,52.8
1933,10,14,6.7,36.3
1933,11,8.8,2.8,28.5
1933,12,3.5,-0.7,7.8
1934,1,7.5,0.6,47.8
1934,2,7.5,-0.5,7.7
1934,3,9.6,1.3,45.2
1934,4,12.7,4.5,53
1934,5,17.6,6.9,18
1934,6,21.1,10.6,36.6
1934,7,25.3,12.9,24
1934,8,21.1,11.4,46.2
1934,9,20.2,10.7,61.4
1934,10,14.5,7.6,34.9
1934,11,9.3,3.9,41.4
1934,12,10.5,5.9,142.2
1935,1,7.3,2.5,13.9
1935,2,9.3,2.9,52
1935,3,11.1,2.8,11.4
1935,4,12.6,4.4,91.8
1935,5,15.1,5.4,35.9
1935,6,20,11.2,114.6
1935,7,23.9,12.7,12.9
1935,8,23.4,12.1,45.3
1935,9,18.7,10.2,116.3
1935,10,14,6.1,94.9
1935,11,10.4,4.3,103.1
1935,12,5.6,0.9,78.8
1936,1,7.2,1.7,80.3
1936,2,6.2,-0.3,39.6
1936,3,11,4.1,46.5
1936,4,10.7,2.9,41.8
1936,5,17.1,6.8,10.7
1936,6,20,10.6,91.6
1936,7,19.6,12,87.1
1936,8,22.2,11.7,21
1936,9,18.7,11.3,83.7
1936,10,13.8,5.2,33.6
1936,11,9,2.2,67.7
1936,12,8.5,2.2,50.7
1937,1,8.4,2.5,84.8
1937,2,9.5,3.5,120.3
1937,3,7.7,0.8,77.5
1937,4,13.5,5.8,66.9
1937,5,17.5,8.2,66.7
1937,6,20,10,39.8
1937,7,21.2,12.6,35.2
1937,8,23.6,12.5,11.2
1937,9,19.3,9.1,50.4
1937,10,14.8,7.2,68.6
1937,11,8.6,1.6,31
1937,12,6,0.7,48.5
1938,1,8.8,3.4,67.3
1938,2,8.2,2,21.3
1938,3,15.5,4.3,8.9
1938,4,13,2.5,2.7
1938,5,15.9,6.5,50.1
1938,6,20.3,10.8,24.3
1938,7,21,11.7,30.4
1938,8,21.9,12.6,91.8
1938,9,19,10.1,54.5
1938,10,14.7,7.1,72
1938,11,12.9,6.9,80.6
1938,12,7.2,1.5,73.5
1939,1,7.4,2.3,113
1939,2,9.5,2.8,26.6
1939,3,9.6,2.8,40
1939,4,14.1,4.9,76.8
1939,5,16.3,7.3,30.1
1939,6,19.5,9.7,49.9
1939,7,19.8,12.1,106.2
1939,8,21.5,12.4,42.6
1939,9,19.3,10.8,13.8
1939,10,12.5,5.2,134
1939,11,12.3,6.5,104.3
1939,12,5.6,0.6,36.3
1940,1,1.9,-4.6,74.2
1940,2,5.6,0.2,55.8
1940,3,10.8,2.5,64.3
1940,4,13.9,5,45.2
1940,5,18.6,7.8,38
1940,6,22.6,11.1,15.3
1940,7,20.5,11.1,61
1940,8,22.1,11.1,1.8
1940,9,19.2,8.6,24.1
1940,10,13.9,6,67.1
1940,11,10.3,4.3,175.5
1940,12,6.6,0.8,32.8
1941,1,3,-1.2,64.4
1941,2,7.3,1.3,63.9
1941,3,9.4,1.4,64.5
1941,4,11.2,3.1,26.3
1941,5,14.1,5,43.7
1941,6,21,10.9,52.9
1941,7,23.6,13.1,112.7
1941,8,19.3,11.3,85.1
1941,9,19,10.4,10.6
1941,10,14.7,6.4,28.8
1941,11,10,4.2,66.6
1941,12,8.3,2.7,29.8
1942,1,3.5,-2,87.5
1942,2,2.8,-2.6,16.8
1942,3,9.4,1.9,60.3
1942,4,14.3,5.1,26
1942,5,16.8,6.8,78.8
1942,6,21.5,9.5,4.1
1942,7,20.9,11.8,46.8
1942,8,21.8,12.8,94.2
1942,9,18.6,10,28.4
1942,10,14.6,7.3,89.4
1942,11,8.4,1.9,50
1942,12,9.4,4.7,85.9
1943,1,8.3,2.9,96.5
1943,2,9.5,2.7,23.7
1943,3,11.7,2.2,19.6
1943,4,16.2,6.9,25.7
1943,5,18.2,7.7,57.4
1943,6,20.1,10.3,43
1943,7,23,11.9,25
1943,8,21.8,12.4,56.9
1943,9,18.8,9.2,44
1943,10,15,6.8,62
1943,11,9.6,3.1,35.1
1943,12,6.3,0.7,26
1944,1,9.2,3,36.3
1944,2,6.4,0.9,23.2
1944,3,10.3,1.2,6.5
1944,4,15.8,6.1,36.2
1944,5,18.3,6.5,18.1
1944,6,19,9.6,52.2
1944,7,21.5,13.1,56.2
1944,8,23.2,13,49
1944,9,17.9,8.6,64.8
1944,10,13.2,6.6,85.6
1944,11,9.8,3.6,91
1944,12,6,0.8,40.5
1945,1,3.2,-2,49.9
1945,2,10.9,4.7,46.8
1945,3,13.1,3.9,20.4
1945,4,16.1,5.6,32.6
1945,5,18,8.2,54
1945,6,19.7,10.8,66.2
1945,7,22.1,12.8,52
1945,8,21.3,11.7,37.2
1945,9,18.6,11.5,47.5
1945,10,16.5,8,69.4
1945,11,10,4.4,4.8
1945,12,8.1,2.5,88.9
1946,1,5.9,0.1,35.2
1946,2,9.4,4,56.1
1946,3,9.6,1.3,24.4
1946,4,16.1,5,34.4
1946,5,15.7,6.2,78.6
1946,6,18.1,9.5,58.3
1946,7,22.3,12.7,32.2
1946,8,20.1,11.4,92.2
1946,9,18.4,11,85.4
1946,10,13.7,7.1,20.2
1946,11,11.2,5.7,114.1
1946,12,6.2,-0.1,53.8
1947,1,4.9,-0.6,35.2
1947,2,-0.2,-4.4,42.5
1947,3,7.7,1.3,132.9
1947,4,13.8,5.2,47
1947,5,19.2,9,47.9
1947,6,21.5,11.4,27.4
1947,7,22.6,13.6,43.2
1947,8,25.8,13.1,15
1947,9,20.7,11.1,29.3
1947,10,15.8,5.6,10.5
1947,11,10.9,4.6,32.2
1947,12,8.1,2.8,44.9
1948,1,9.1,3.2,127.3
1948,2,7.9,2.2,22.6
1948,3,14,3.5,18.5
1948,4,14.8,4.4,42.6
1948,5,17.5,6.5,126
1948,6,18.5,9.9,53.7
1948,7,21.1,12.1,21.7
1948,8,20.1,11.9,87.3
1948,9,19.1,10.7,63.1
1948,10,14.3,6.4,59.3
1948,11,10.5,4.2,38.3
1948,12,9.1,3.4,68.7
1949,1,8.6,3.1,23.4
1949,2,10.3,1.6,25.8
1949,3,9,1.7,43.2
1949,4,15.5,6.1,33.4
1949,5,16.7,6.6,61.4
1949,6,21.6,10.3,11.7
1949,7,24.7,12.8,23
1949,8,22.9,12.6,37.7
1949,9,22,12.5,58.3
1949,10,16.3,8.4,161.8
1949,11,9.9,3.4,64.2
1949,12,9.1,3.3,34.6
1950,1,6.9,1.5,14.2
1950,2,9.5,2.8,103.9
1950,3,12.2,3.6,22.3
1950,4,12.5,4.2,54.4
1950,5,16,7.1,55.5
1950,6,22.1,11.8,39.1
1950,7,20.8,12.5,135.5
1950,8,20.8,12.2,77.6
1950,9,17.3,10,73
1950,10,13.4,6.6,12.9
1950,11,8.7,4,112.3
1950,12,3.7,-0.7,33.3
1951,1,7.1,2,78
1951,2,6.9,1.4,87.5
1951,3,8,1.6,90.2
1951,4,12,2.9,64.8
1951,5,14.5,6.5,53.4
1951,6,19.7,9.4,35.9
1951,7,22.3,12.1,34.2
1951,8,19.9,11.7,93.7
1951,9,18.8,10.7,125.1
1951,10,13.8,5,22.9
1951,11,11.7,6.2,132.1
1951,12,9,3,39.8
1952,1,6,0.3,46.4
1952,2,6.9,0.3,13.3
1952,3,10.5,3.9,61.1
1952,4,15.2,5.4,41.2
1952,5,19.1,9.5,56.6
1952,6,20.5,10.5,34
1952,7,23,12.9,7.5
1952,8,21.1,12.6,108.5
1952,9,15.7,7.2,43
1952,10,12.9,5.6,95.5
1952,11,7,1.3,96.8
1952,12,6,-0.6,55.2
1953,1,5.4,0.8,21.8
1953,2,7.3,1.1,40.4
1953,3,10.8,0.3,17.2
1953,4,12.5,3.5,53
1953,5,17.9,8.2,42.8
1953,6,18.7,10.5,40.5
1953,7,20.4,11.7,82.1
1953,8,21.7,12.2,74.1
1953,9,18.6,10,47.3
1953,10,14,6.5,56
1953,11,11.3,5.9,39.7
1953,12,9.5,5,18
1954,1,5.6,0.3,33
1954,2,6.5,0.2,59.7
1954,3,10.1,2.9,64.4
1954,4,12.8,2.8,10.1
1954,5,15.9,7.2,53.3
1954,6,17.9,10.3,92.3
1954,7,18.6,11.3,55.8
1954,8,19.2,11.3,80.1
1954,9,17.6,9.4,66.3
1954,10,15.8,9.3,54.9
1954,11,10.9,3.8,112.2
1954,12,9.6,4.4,51.4
1955,1,5.4,0.3,62.7
1955,2,4.5,-1.1,36.3
1955,3,7.5,-0.4,36.5
1955,4,14.6,5.6,16.6
1955,5,14.6,6,113.5
1955,6,19.3,10.1,107.4
1955,7,23.7,12.6,7.4
1955,8,24.3,13.6,11.5
1955,9,19.4,10,38.3
1955,10,13.9,5.4,40.1
1955,11,10.4,3.7,35.4
1955,12,9.4,2.2,79.1
1956,1,6.7,1,99.5
1956,2,2.5,-3.5,11.4
1956,3,10.8,2.2,17.3
1956,4,12.2,2.6,48.1
1956,5,18.2,7.1,8.5
1956,6,17.9,9.6,62.7
1956,7,20.9,12.5,62
1956,8,18.4,10.6,114.9
1956,9,18.4,11.1,60
1956,10,13.6,5.8,45.9
1956,11,9.1,2.9,19.7
1956,12,8.2,3.5,80.7
1957,1,8.6,3,41
1957,2,9.1,3.2,71.7
1957,3,13.6,5.9,43.1
1957,4,13.5,5.1,9.9
1957,5,15.4,6.2,42.4
1957,6,22.2,10.1,55.7
1957,7,21.5,13.4,85.4
1957,8,20.4,12.1,95.9
1957,9,16.9,9.7,101.5
1957,10,15.4,7.6,52.6
1957,11,8.8,3.7,50.5
1957,12,7.4,1.6,64.4
1958,1,6.6,1,90.2
1958,2,9,2.3,65.4
1958,3,7.8,0.9,34.6
1958,4,12.1,3.6,27.5
1958,5,16.4,7.9,54.4
1958,6,19.1,10.7,84.2
1958,7,20.8,12.3,63.6
1958,8,20.2,12.7,67.3
1958,9,19.3,11.8,80.3
1958,10,14.4,8.1,72.5
1958,11,9.3,4.2,76.7
1958,12,7.4,2.7,83.5
1959,1,4.9,-0.6,94.1
1959,2,7.1,1.3,2.2
1959,3,11.4,4.1,86.6
1959,4,14.2,6.3,52.2
1959,5,18.3,7.7,25.8
1959,6,21,10.9,25.2
1959,7,23.9,12.8,64.9
1959,8,23.3,13,44
1959,9,21.8,9.4,5.4
1959,10,17.3,7.8,49.1
1959,11,10.6,3.7,44.9
1959,12,9.2,3.4,124
1960,1,6.5,1.6,82.3
1960,2,7.5,1.9,50.6
1960,3,9.8,3.9,24.9
1960,4,14,4.8,16.9
1960,5,17.8,8.8,61.4
1960,6,21.8,11.9,111
1960,7,19.6,11.9,110.1
1960,8,20,11.4,50.5
1960,9,17.8,9.8,104.8
1960,10,13.8,7.9,138.6
1960,11,10.8,4.7,106.1
1960,12,6.6,2.2,107.5
1961,1,6.6,1.8,86.1
1961,2,10.3,4.9,53.4
1961,3,13.6,3.7,4.5
1961,4,14.4,7,75.9
1961,5,16.3,7.2,28
1961,6,20.9,10.2,33.9
1961,7,21.1,11.9,54.3
1961,8,21.1,12,59.1
1961,9,20.4,11.5,56.9
1961,10,15,7.5,67.7
1961,11,9.2,3.1,36.9
1961,12,5.3,-0.3,97.8
1962,1,7.5,1.6,94.7
1962,2,7.5,1.6,10.3
1962,3,7.3,-0.7,32.4
1962,4,12,4.5,50.7
1962,5,14.8,7,38.6
1962,6,19.8,9.3,5.5
1962,7,20.2,11.8,54.6
1962,8,19.4,11.6,96.1
1962,9,17,9.5,115
1962,10,14.8,6.8,29.6
1962,11,8.3,2.8,55.1
1962,12,4.2,-1.6,50.4
1963,1,-0.2,-5.8,27.9
1963,2,1.7,-3.1,10.4
1963,3,9.8,3.1,75.9
1963,4,13.2,5.7,50.4
1963,5,15.6,6.9,43.6
1963,6,19.9,11,65.9
1963,7,20.4,11.4,48
1963,8,18.7,11.2,81.4
1963,9,17.6,9.7,58
1963,10,14.8,8.4,44.4
1963,11,11.4,6.3,115.4
1963,12,4.9,0,18.6
1964,1,5.6,1.1,13
1964,2,7.4,2.5,22.2
1964,3,7.2,2.1,92.6
1964,4,12.7,5.6,59.5
1964,5,18.6,9.3,44.4
1964,6,18.6,10.7,49.3
1964,7,22,12.7,21.2
1964,8,21.7,11.8,14.6
1964,9,20.6,9.6,15.5
1964,10,13.3,4.9,17.5
1964,11,10.5,5,25
1964,12,6.8,0.7,43.7
1965,1,6.4,1.2,56
1965,2,5.6,0.5,5.8
1965,3,10.1,1.8,44.2
1965,4,13.1,4.5,49.4
1965,5,16.3,8.4,63.8
1965,6,19.1,10.8,53.4
1965,7,18.5,11,90
1965,8,20.1,11,61.7
1965,9,16.9,9.1,75.4
1965,10,15.2,7,12
1965,11,8,1.9,51.2
1965,12,8.1,2.4,95.5
1966,1,5,0.8,30.8
1966,2,9,4.6,74.9
1966,3,10.7,3.2,9.9
1966,4,11.1,5,81.7
1966,5,16.3,7.2,54
1966,6,20.8,11.3,56.6
1966,7,19.8,11.7,80.9
1966,8,19.9,11.1,78.8
1966,9,18.5,10.3,52.5
1966,10,14.2,7.9,122.7
1966,11,8.3,2.9,28
1966,12,9.1,3,80.4
1967,1,7.2,2.6,35.5
1967,2,8.9,2.9,64.3
1967,3,11.1,4.2,30.7
1967,4,12,4.7,40.4
1967,5,15.6,7.5,85.6
1967,6,19.5,9.9,49.3
1967,7,22.7,13.1,76.6
1967,8,20.7,12.3,44
1967,9,17.7,10.9,59.4
1967,10,14.2,8.8,121.7
1967,11,8.9,3,29.2
1967,12,7.1,2,63.3
1968,1,7.3,2,57.9
1968,2,4.7,-0.1,26.8
1968,3,10.8,3.6,19.5
1968,4,13,4.4,46.1
1968,5,14.5,6.7,66.2
1968,6,19.9,11.4,69.2
1968,7,19.7,12,141.6
1968,8,19.4,12.3,91.7
1968,9,18,11.1,108.3
1968,10,15.8,10.6,67.7
1968,11,8.9,4.6,54.5
1968,12,5.1,1.1,63.6
1969,1,8.6,3.6,74.9
1969,2,4.2,-0.9,39.9
1969,3,7.3,1.1,48.3
1969,4,13.1,3.7,37
1969,5,16.4,8.3,88.8
1969,6,19.9,9.5,20.7
1969,7,23.2,13.1,49
1969,8,21.3,13.2,87.9
1969,9,17.7,10.8,32.8
1969,10,16.7,9.9,5
1969,11,9,3.2,52
1969,12,6,1.2,72.9
1970,1,6.6,1.9,66.6
1970,2,6.6,0.6,49.2
1970,3,7.6,0.6,45.8
1970,4,11.3,3.8,75.9
1970,5,18.8,8.7,22.9
1970,6,22.4,11.6,43
1970,7,20.4,11.9,42.3
1970,8,21,12.2,51.9
1970,9,19.4,11.2,40.3
1970,10,15,7.4,19.5
1970,11,11.4,5.6,150.3
1970,12,6.7,1.8,33.9
1971,1,7.2,2.5,105.3
1971,2,7.9,1.5,22.1
1971,3,8.7,2.2,42.9
1971,4,12,4.3,44.8
1971,5,17.3,7.4,46.3
1971,6,16.7,9.4,135.8
1971,7,23.2,13.1,37.3
1971,8,20.3,12.7,133.2
1971,9,19.5,9.8,13.4
1971,10,15.8,7.4,74.2
1971,11,9.8,3,61.3
1971,12,8.7,4.6,24
1972,1,6.4,2,60.5
1972,2,7,2.5,50.8
1972,3,11.8,2.8,63.2
1972,4,12.2,5.4,45.8
1972,5,15.1,7.4,49.8
1972,6,16.6,8.8,55.8
1972,7,21,11.8,23.3
1972,8,20.7,11.6,29.8
1972,9,16.5,8.3,31
1972,10,14.8,7.4,25.9
1972,11,9.5,3.8,65.8
1972,12,8.7,3.5,74
1973,1,6.8,2.1,24.4
1973,2,7.7,1.3,15
1973,3,11,2.1,10.8
1973,4,12.1,4.2,42.4
1973,5,16.2,8.1,71.2
1973,6,20.9,10.9,109.3
1973,7,20.8,12.2,60
1973,8,22.5,12.8,28.8
1973,9,19.7,11,32.7
1973,10,12.8,5.5,40.8
1973,11,9.8,3.2,28.3
1973,12,8.3,2.3,30.9
1974,1,9.3,3.6,65
1974,2,8.7,3.1,77.7
1974,3,9.3,2.4,36.7
1974,4,13,3.8,4.2
1974,5,16.1,6.8,31.6
1974,6,19.1,10.1,78.7
1974,7,20.1,12.2,41.7
1974,8,20.6,11.3,97.2
1974,9,16.5,9.1,156.1
1974,10,11,4.9,66.4
1974,11,10.1,5,95.1
1974,12,10.6,5.9,33.4
1975,1,9.8,4.6,69.4
1975,2,7.9,1.8,29.7
1975,3,7.8,2.5,95.2
1975,4,12.8,5.3,46.9
1975,5,14.3,6.4,49
1975,6,21.5,9.4,18
1975,7,23.8,13.4,34.1
1975,8,25.1,14.1,30.2
1975,9,18.7,9.9,95.3
1975,10,14.2,6.5,11
1975,11,9.8,2.5,37.9
1975,12,7.5,1.7,21.7
1976,1,8.5,3.4,18.9
1976,2,7.5,2.3,18.8
1976,3,9,1.7,16
1976,4,12.9,4.1,8.1
1976,5,17.8,8.3,44.2
1976,6,24.4,12.6,17.1
1976,7,25.9,13.2,14.3
1976,8,24.4,11.4,23.9
1976,9,18.1,10.5,90.7
1976,10,14.1,8.3,99.5
1976,11,9.2,3.4,55.9
1976,12,4.6,-0.4,101.8
1977,1,5.4,0.7,75.9
1977,2,8.9,3.3,114.4
1977,3,10.5,4.3,59.8
1977,4,11.6,3.8,40.7
1977,5,15.7,6.1,43.1
1977,6,16.7,8.5,86.9
1977,7,21,12,5.8
1977,8,19.7,12.2,129
1977,9,17.5,10.4,7.8
1977,10,15.4,8.3,32.8
1977,11,9.6,3.8,46.6
1977,12,8.9,3.9,67.8
1978,1,6.2,0.7,68.2
1978,2,5.5,0.4,45.6
1978,3,10.8,3.3,52.3
1978,4,10.2,3.3,45.2
1978,5,17,7.1,48.5
1978,6,19.1,9.6,39.9
1978,7,20,11.5,82.4
1978,8,20.2,11.4,32.6
1978,9,19.1,10.6,24.4
1978,10,16.2,8.1,5.4
1978,11,11.6,5.5,22.8
1978,12,7.1,2.2,109.5
1979,1,3.2,-3.1,56.8
1979,2,3.8,-0.9,56.2
1979,3,8.4,2.1,110.3
1979,4,12.3,4.8,38.9
1979,5,15.2,6.8,124.8
1979,6,19,10.7,43.6
1979,7,22.5,13,16.6
1979,8,20.3,11.7,60.8
1979,9,18.6,9.6,17
1979,10,15.5,8,59.8
1979,11,10.5,3.9,39.4
1979,12,8.9,3.8,127.7
1980,1,5.3,-0.3,36.7
1980,2,9.5,3.2,39.8
1980,3,8.5,2.3,69.8
1980,4,13.7,4.9,14.1
1980,5,16.6,6.3,35.5
1980,6,19,10.7,89.4
1980,7,19.7,11.2,59.5
1980,8,21.2,12.8,63.6
1980,9,19.2,12.2,65.6
1980,10,13,6,84.9
1980,11,9.1,4.4,42.5
1980,12,8.5,2.9,32.9
1981,1,7.3,2.4,39.2
1981,2,6.2,0.2,20.9
1981,3,11.1,6.4,129.7
1981,4,12,4.4,43.9
1981,5,15.7,8.2,87.7
1981,6,18.1,10.4,26.1
1981,7,21.3,12.3,34
1981,8,22.2,12.7,38.8
1981,9,19.8,11,92.5
1981,10,12.3,5.7,64.7
1981,11,10.8,4.9,31.4
1981,12,3.6,-2,74
1982,1,5.5,-0.1,57.2
1982,2,7.9,2.7,32
1982,3,10.3,2.9,96.2
1982,4,13.8,4.9,27.4
1982,5,17.5,7.2,35.9
1982,6,21.3,12.7,69.4
1982,7,22,12.8,23.5
1982,8,21.2,12.9,37.9
1982,9,20.1,10.6,51.9
1982,10,13.6,7.8,83.4
1982,11,10.8,6.1,77.3
1982,12,7.7,1.9,62.4
1983,1,9.8,4.7,45.7
1983,2,4.8,-0.7,23.8
1983,3,10.3,3.3,42.5
1983,4,11.8,3.7,89.5
1983,5,14.8,7.8,106.3
1983,6,19.6,11,19.4
1983,7,26.8,15.4,21.7
1983,8,23.5,13.3,24
1983,9,18,11.1,59.4
1983,10,14.3,7.7,53
1983,11,10.4,5.2,42.6
1983,12,8.7,3.2,49.8
1984,1,7.5,1.5,81.5
1984,2,6.4,1,35.4
1984,3,8.2,2.4,50.3
1984,4,13.9,3.4,1.6
1984,5,14.5,6,72
1984,6,20.8,10.8,30
1984,7,23.9,12.2,13.6
1984,8,23.6,13.6,32.7
1984,9,17.9,11.2,91.1
1984,10,15,8.6,54.4
1984,11,11.3,6,101.6
1984,12,8.3,2.7,44.5
1985,1,3.9,-1.9,44.4
1985,2,5.5,-0.8,34.7
1985,3,8.9,1.4,36.7
1985,4,13.1,5.1,32.7
1985,5,15.7,7.3,80.5
1985,6,17.5,9,122.5
1985,7,21.6,12.7,45.8
1985,8,19,12.1,67
1985,9,19.4,11.2,19.4
1985,10,14.5,7.9,29.1
1985,11,7.4,1.7,41.1
1985,12,9.4,5.1,108.1
1986,1,6.7,1.1,67.3
1986,2,1,-4.1,7.3
1986,3,9.2,2.1,58
1986,4,10.2,3.1,70.4
1986,5,15.7,8,70.7
1986,6,20.6,10.5,22.3
1986,7,21.5,12.8,37.1
1986,8,18.4,11,114.3
1986,9,16.6,7.5,39
1986,10,15.3,7.8,75.1
1986,11,11.4,5.4,78.4
1986,12,9.2,3.8,64.2
1987,1,3,-1.4,9.9
1987,2,7.1,1,34
1987,3,8.2,1.5,53.9
1987,4,15.2,6.6,51.4
1987,5,15.2,6.5,48.7
1987,6,17.8,10.4,86
1987,7,21.2,12.7,29.3
1987,8,21,12.5,34
1987,9,18.6,10.9,25.4
1987,10,14,6.7,138.8
1987,11,9,4.3,58.2
1987,12,8,3.7,26
1988,1,8.1,3.3,100
1988,2,8.1,2.3,33.8
1988,3,10.2,3.8,59.1
1988,4,12.6,4.6,30.2
1988,5,17.1,7.8,32
1988,6,18.7,10.3,59.6
1988,7,18.9,11.6,96.5
1988,8,20.4,11.9,38.8
1988,9,17.9,10.4,39.6
1988,10,14.5,8,38.6
1988,11,9.1,1.6,29.5
1988,12,10.1,5.4,13.4
1989,1,9.1,3.6,33.4
1989,2,9.9,3,55.1
1989,3,12,4.6,47
1989,4,11,3.6,63.8
1989,5,19.7,8.6,29.2
1989,6,20.8,10.5,45.9
1989,7,24.9,14,29.4
1989,8,23.4,12.4,43.3
1989,9,19.9,11.9,23.8
1989,10,15.9,8.9,53.9
1989,11,9.8,3.2,32.5
1989,12,8.2,3.3,141.5
1990,1,10,4.5,75
1990,2,11.3,5.3,94.2
1990,3,12.7,5,18.4
1990,4,13.7,3.3,20.4
1990,5,19.2,7.8,8.7
1990,6,18.2,10.7,48.8
1990,7,23.8,12.2,17.7
1990,8,24.7,14,26.5
1990,9,18.7,9.4,41.1
1990,10,15.8,9.3,45.9
1990,11,9.8,4.3,20
1990,12,6.9,1.7,56.3
1991,1,6.4,1.2,60.9
1991,2,4.7,-1.6,20.5
1991,3,11.5,5.1,46.1
1991,4,12.2,4.6,56.3
1991,5,15.3,7.4,8.6
1991,6,16.8,9,74.8
1991,7,22.2,13.7,92.8
1991,8,23.2,13.3,11.6
1991,9,20.2,10.6,42.9
1991,10,13.4,7.3,34.2
1991,11,9.9,4.5,62.2
1991,12,7,1.6,15.9
1992,1,5.9,1.5,30.4
1992,2,8.9,2.1,22
1992,3,11,4.8,47.7
1992,4,13.2,5.6,57.7
1992,5,19.7,9.1,62.2
1992,6,21.4,11.7,43.4
1992,7,21.1,13.5,70.1
1992,8,20.3,12.8,108.9
1992,9,17.6,10.8,106.9
1992,10,11.2,5.2,75.7
1992,11,10.9,4.7,119.9
1992,12,6.4,1.3,50.7
1993,1,9.6,3.5,82.4
1993,2,7.1,2.4,7.1
1993,3,11,3.9,32.7
1993,4,13.2,6.6,69.2
1993,5,16.6,8,56.6
1993,6,20.7,11.5,40.1
1993,7,20.8,12.3,51.3
1993,8,20.5,11.1,26.7
1993,9,16.7,9.3,96.1
1993,10,11.9,6,112.4
1993,11,8,2.6,51
1993,12,8.7,3.4,98
1994,1,8.5,3.3,82.2
1994,2,6.7,1.3,62.4
1994,3,11.7,5.3,41.9
1994,4,12.5,5.1,52
1994,5,15.3,7.6,84.5
1994,6,20.6,11,13.5
1994,7,24.8,13.8,54.2
1994,8,21.1,13,52.5
1994,9,16.6,10.4,62.6
1994,10,14.1,6.9,67.4
1994,11,12.7,8.4,55.7
1994,12,9.6,3.9,74.6
1995,1,8.5,2.2,116.3
1995,2,10.4,4.4,66
1995,3,10.5,2,49.3
1995,4,14.3,5.4,18.9
1995,5,17.8,7.8,54.1
1995,6,20,10.4,6.6
1995,7,25.1,13.9,37.8
1995,8,26.4,13.9,4.4
1995,9,18.3,10.3,98.8
1995,10,17.3,10.3,33.2
1995,11,11.3,5.2,98.2
1995,12,4.6,0.2,99.8
1996,1,6.6,3.1,35.5
1996,2,6.2,-0.1,60.8
1996,3,8.4,1.8,27.1
1996,4,13.8,4.8,49.3
1996,5,14.1,5.6,35.7
1996,6,21.2,10.2,23.7
1996,7,23.3,12.7,25.5
1996,8,22.4,12.5,53.1
1996,9,18.4,10.3,16.1
1996,10,15.8,8.6,33
1996,11,9.6,2.9,81.6
1996,12,5.5,0.9,16.2
1997,1,5.1,-0.2,11.9
1997,2,10.4,4.2,76.5
1997,3,13.3,5.5,7.2
1997,4,14.5,4.9,17.5
1997,5,17.4,7.4,61.2
1997,6,18.9,11.3,66.7
1997,7,22.8,12.9,25.4
1997,8,24.9,15.7,104.2
1997,9,19.7,10.7,18.5
1997,10,14.9,6.6,57.2
1997,11,11.7,6.1,94.6
1997,12,9,3.6,58.7
1998,1,8.3,2.9,60
1998,2,11.5,4.1,8.7
1998,3,11.8,5.4,57.4
1998,4,11.9,5.1,107.7
1998,5,18.7,9.1,20.9
1998,6,19.1,11.5,75.9
1998,7,21,12.4,29.5
1998,8,22.4,11.9,26.8
1998,9,19.6,11.8,119.4
1998,10,14.4,8.2,116.4
1998,11,9.3,2.2,69.9
1998,12,9.4,3.2,72.7
1999,1,9,3.4,91.9
1999,2,8.6,2.9,32.9
1999,3,11.6,4.8,28.8
1999,4,14.3,6.1,57.6
1999,5,18.2,9.7,50.9
1999,6,19.7,10.1,65.3
1999,7,24.2,13.3,7.2
1999,8,21.6,12.9,98.3
1999,9,20.8,12.4,102.1
1999,10,15.1,7.1,70.8
1999,11,10.8,5.3,41.1
1999,12,8.3,1.7,89.8
2000,1,8.1,2,19.8
2000,2,10.2,3.8,78.3
2000,3,11.7,4.2,11.9
2000,4,12.4,4.8,137.2
2000,5,17.2,8.6,67.7
2000,6,20.5,12.2,19.4
2000,7,20.8,12.3,28.5
2000,8,22.7,13.3,58.3
2000,9,19.2,12.1,87.2
2000,10,14.3,8.2,119.5
2000,11,10.6,4.8,99.1
2000,12,8.6,4.2,99.8
2001,1,6.4,1.2,57.4
2001,2,8.8,2,68.6
2001,3,9,3.1,75.1
2001,4,12.9,4.8,72.7
2001,5,18.5,7.9,35.5
2001,6,20.7,10.6,23.1
2001,7,23.4,13.4,57.2
2001,8,22.7,12.9,92
2001,9,17.9,10.5,35
2001,10,17,11.1,92.4
2001,11,11.2,3.9,38.5
2001,12,6.8,0.2,29.5
2002,1,9.2,3.4,57.4
2002,2,11.1,4.4,70.9
2002,3,12.4,4.6,33
2002,4,15.2,5.2,43
2002,5,16.8,8.4,58.3
2002,6,20,10.3,42.4
2002,7,22.1,12,89.6
2002,8,22.8,12.9,53.2
2002,9,19.7,10,24.8
2002,10,14.8,7.1,109.4
2002,11,11.8,6.4,133.4
2002,12,8.9,4.1,98.1
2003,1,7.6,1.8,81.4
2003,2,8.4,0.6,17.3
2003,3,13.3,2.7,25.2
2003,4,15.3,4.6,36.8
2003,5,17.5,8.1,48.1
2003,6,22.4,11.8,55.5
2003,7,23.7,13.4,53.8
2003,8,25.5,13.5,3
2003,9,21.3,8.1,17.4
2003,10,14,3.9,31.7
2003,11,12,5.7,89.6
2003,12,8.7,1.8,70.7
2004,1,8.8,2.7,66.1
2004,2,8.7,2.9,25.5
2004,3,10.9,3.4,51.8
2004,4,14.7,6.2,68.8
2004,5,18,8.6,41.1
2004,6,21.8,12,23.8
2004,7,22,12.2,83.1
2004,8,23.4,14.2,135
2004,9,20.1,11.7,28.9
2004,10,14.7,8.6,131.4
2004,11,10.9,5.8,34.2
2004,12,8.6,2.8,37.7
2005,1,9.4,3.8,18.2
2005,2,7.3,2.1,20
2005,3,11.2,4.7,44.5
2005,4,14.3,5.7,50.2
2005,5,17.2,7.6,31.5
2005,6,21.6,12,93.4
2005,7,22.3,13.4,34.9
2005,8,23.1,12.2,31.3
2005,9,20.9,11.9,38.5
2005,10,17.1,10.9,53.4
2005,11,9.9,3.1,38.6
2005,12,7.7,1.8,50.2
2006,1,7.2,2.2,16.6
2006,2,6.6,0.8,33
2006,3,9.2,2,59.3
2006,4,13.9,5.4,36.3
2006,5,17.6,9,104.7
2006,6,23.1,11.7,5.3
2006,7,27.1,14.9,87.3
2006,8,21.8,13.1,58.7
2006,9,22.1,13.5,90.8
2006,10,17.2,10.6,118
2006,11,12.1,5.1,86.4
2006,12,9.4,4.3,68.7
2007,1,10.4,4.8,73.3
2007,2,9.7,3.7,81
2007,3,12,3.7,36.9
2007,4,17.8,5.6,1.8
2007,5,17.5,7.1,135.2
2007,6,20.5,11.3,78.8
2007,7,20.6,12.2,105.5
2007,8,21.7,12,38.2
2007,9,19.2,10.3,17.7
2007,10,15.1,7.9,68.9
2007,11,11.3,4.3,56
2007,12,8.3,2.4,60.6
2008,1,10.3,4.7,81.6
2008,2,10.5,1.7,16.9
2008,3,10.6,3.5,90.3
2008,4,13.1,4.7,46.9
2008,5,18.7,9.5,106.6
2008,6,20.1,11.1,67.3
2008,7,22,12.8,90
2008,8,20.8,13.9,77
2008,9,17.8,10.2,73.5
2008,10,14.6,5.7,39.3
2008,11,10.1,4.8,94.2
2008,12,6.9,1.3,37.3
2009,1,6.3,0.2,47.8
2009,2,7.9,2,54.5
2009,3,12.4,3.2,20.2
2009,4,15.6,6.1,36
2009,5,18.2,8.3,44.8
2009,6,22,10.7,49.3
2009,7,22.4,13.1,72.8
2009,8,22.7,13.3,46.6
2009,9,20.2,10.6,9
2009,10,16.2,8.4,44.4
2009,11,12.5,7,105.2
2009,12,6.8,0.8,89.9
2010,1,4.7,-1,56.4
2010,2,7.1,1.3,79.8
2010,3,11.3,3.2,47.6
2010,4,15.8,4.9,25.5
2010,5,17.6,7.3,28.6
2010,6,23,11.1,34.5
2010,7,23.9,14.2,17.9
2010,8,21.4,12.1,146.2
2010,9,18.8,10.3,52.5
2010,10,14.5,7.4,43.4
2010,11,8.2,2.9,38.6
2010,12,2.7,-2.2,32.7
2011,1,7,1.9,58.8
2011,2,10.4,4.4,49.3
2011,3,12.4,3.2,9.3
2011,4,19.4,7.3,0.5
2011,5,18.9,8.4,42.5
2011,6,19.3,10.2,54.1
2011,7,21.4,10.2,43.1
2011,8,20.7,11.4,65.6
2011,9,20.7,10.7,31.8
2011,10,17.2,9.5,26.3
2011,11,13.5,6.3,28.4
2011,12,9.3,3.1,71.2
2012,1,9.8,3.6,34.6
2012,2,7.3,1.2,21.3
2012,3,14,3.6,24.3
2012,4,12.6,4.6,143
2012,5,17.7,9.7,55.5
2012,6,18.9,11.6,151.7
2012,7,20.5,12.6,100
2012,8,21.8,13.6,85.6
2012,9,18.4,9.2,57.6
2012,10,13.4,7.1,124.2
2012,11,10.1,4.2,83.3
2012,12,8.6,2.6,103.3
2013,1,6.4,1.9,58.5
2013,2,6.2,0.9,47.4
2013,3,6.3,0.2,76.6
2013,4,12.9,3.9,24.8
2013,5,15.9,6.7,66.2
2013,6,19.3,10.2,17.3
2013,7,25.5,13.9,45.7
2013,8,23.1,13.1,19.3
2013,9,19,9.9,40.6
2013,10,16.3,9.9,86.5
2013,11,9.9,3.8,55.2
2013,12,10,3.6,97.7
2014,1,9.3,3.5,146.9
2014,2,9.7,4.2,90.1
2014,3,12.8,3.5,39.2
2014,4,15,6.4,50.2
2014,5,17.1,8.9,90.3
2014,6,21.5,11.8,36.9
2014,7,24.9,13.5,45.5
2014,8,20.8,11.7,85.6
2014,9,21.1,11.4,4.1
2014,10,16.8,9.9,65.6
2014,11,11.5,5.7,98.6
2014,12,8.7,2.4,44
2015,1,8.4,1.6,53.6
2015,2,7.5,1,46.2
2015,3,11.4,3.3,25.6
2015,4,15.9,4.5,22.5
2015,5,16.8,7.7,55.6
2015,6,21.1,10.2,28.9
2015,7,22.6,12.5,47.8
2015,8,21.3,13,57.2
2015,9,18.4,8.9,36.8
2015,10,15.1,7.9,45
2015,11,13.1,7.3,65.3
2015,12,13.4,8.3,62.9
2016,1,9.4,3,83.9
2016,2,9.1,2.7,47.6
2016,3,10.2,2.2,74.2
2016,4,12.9,4,53.1
2016,5,18.4,8.7,86.1
2016,6,20,11.9,95.7
2016,7,23.3,13.8,3.4
2016,8,23.5,13.6,41.2
2016,9,20.9,13,44.6
2016,10,15.1,7.3,26.5
2016,11,9.4,3.3,76.1
2016,12,9.6,3,25.8
2017,1,7.3,0.8,62.8
2017,2,9.5,4,42.8
2017,3,13.7,5.8,43.1
2017,4,15.1,4.7,5.4
2017,5,19,9.4,63.6
2017,6,22.7,12.9,29.7
2017,7,23.3,13.9,62.3
2017,8,21.4,12.6,62.8
2017,9,18.5,10.4,64.6
2017,10,16.1,9.7,17.1
2017,11,10.7,3.8,48.4
2017,12,8.3,2.6,74.2
2018,1,8.9,3,59.1
2018,2,6.4,0.3,24.1
2018,3,9.1,2.5,87.4
2018,4,14.2,7.5,52.8
2018,5,19.9,8.6,80.8
2018,6,22.8,11.6,2.5
2018,7,27.4,14.2,23.2
2018,8,23.4,13.2,43.2
2018,9,20.4,10,30.3
2018,10,15.6,7.3,50.1
2018,11,11.7,5.5,61.9
2018,12,10.2,4.7,71.8
2019,1,7.1,1.3,25.4
2019,2,11.7,2.4,38
2019,3,12.3,5.2,47.6
2019,4,15.1,4.3,29.9
2019,5,17.4,7,29.6
2019,6,19.8,11,99
2019,7,24.1,13.9,36
2019,8,23.9,13.2,46.9
2019,9,20.8,10.4,62.9
2019,10,14.6,7.5,116.2
2019,11,9.8,4.3,105.6
2019,12,9.3,3.7,85.7
2020,1,9.6,4.5,45.3
2020,2,10.5,4.2,81.2
2020,3,11.5,3,35
2020,4,18.1,5.5,27.5
2020,5,19.9,7.9,3.5
2020,6,21.3,12.1,86
2020,7,22.1,13,56.7
